{
  "supervised_logreg": {
    "threshold": 0.32778913540094423,
    "tpr": 0.9006211180124224,
    "fpr": 0.04074702886247878
  },
  "supervised_rf": {
    "threshold": 0.3,
    "tpr": 0.8975155279503105,
    "fpr": 0.05602716468590832
  },
  "unsupervised_ocsvm": {
    "threshold": 102.58484992786947,
    "tpr": 0.9006211180124224,
    "fpr": 0.16723259762308998
  },
  "unsupervised_iforest": {
    "threshold": -0.010476272801942521,
    "tpr": 0.9006211180124224,
    "fpr": 0.26485568760611206
  }
}